,SR,N1,D2,D1
Copepoda,3.953736216,11.78872947,1.808319794,5.671066933
Amphipoda,0,0,0.154195351,1.746325568
Decapoda,0.608823668,3.719805791,0.855258702,0.158264034
Gastropoda,0.013384683,0.153333867,0.005127936,0.049580814
Cirripedia,0.207236366,4.493800805,0.357283554,0.025973616
Ostracoda,0,0,0,0.001795024
Larvacea,0.473280022,0.903643092,0.151102438,0.000961167
Euphausia,0,4.979807028,0,20.37371098
Fish,0.010496037,0.001002015,0.003183481,0.000852641