,SR,N1,D2,D1
Copepoda,78.1437126,50.1746054,55.73,85.4353133
Amphipoda,0,0.04190529,0.26666667,3.58014646
Decapoda,0.89820359,1.34096941,2.93333333,0.65093572
Gastropoda,0.2994012,0.83810588,0.26666667,3.09194467
Cirripedia,8.38323353,44.4196117,33.6,2.92921074
Ostracoda,0,0,0,0.97640358
Larvacea,1.79640719,0.83810588,1.33333333,0.16273393
Euphausia,0,0.021,0,0.97640358
Fish,7.18562874,0.16762118,5.06666667,1.6273393