,SR,N1,D2,D1
Copepoda,0.750668027,0.452714063,0.542310806,0.202331937
Amphipoda,0,0,0.046242819,0.062305284
Decapoda,0.115593059,0.142849015,0.256490051,0.005646533
Gastropoda,0.002541255,0.00588837,0.001537856,0.001768941
Cirripedia,0.039346508,0.172572187,0.107148488,0.000926685
Ostracoda,0,0,0,6.40427E-05
Larvacea,0.089858342,0.034701953,0.045315262,3.42925E-05
Euphausiacea,0,0.191235933,0,0.726891864
Fish,0.001992809,3.84796E-05,0.000954718,3.04205E-05