,SR,N1,D2,D1
0-0.5mm,15.86826347,45.42533873,38.93333333,7.648494711
0.51-1.0mm,33.23353293,17.60022349,21.2991274,24.89829129
1.01-1.5mm,41.61676647,30.50705406,32.26666667,20.34174125
1.51-3mm,5.988023952,4.190529404,7.733333333,40.85638731
3mm+,2.095808383,0.412073116,1.066666667,4.627746135