,SR,N1,D2,D1
0-0.5mm,4.38805721,17.8499036,10.96410626,0.272604621
0.51-1.0mm,27.1906644,19.23945729,30.40137496,1.168659657
1.01-1.5mm,31.29693226,21.45666153,19.47364723,1.196038333
1.51-3mm,31.60565511,21.38257563,30.62905336,17.37820686
>3mm,5.771968282,20.21501048,8.589573586,79.98510093